date,submission,status,public_score,notes
2026-06-13,s01,complete,12.060,first scored public baseline
2026-06-13,s02,complete,7.940,compact mixed benchmark
2026-06-13,s03,complete,2.765,compact direct-callback profile
2026-06-13,s04,complete,3.050,compact multi-endpoint stack benchmark
2026-06-13,s05,complete,3.135,compact stack benchmark
2026-06-14,s06,complete,,restored coverage benchmark completed; public score not reported
2026-06-14,s07,complete,19.130,adaptive coverage benchmark
2026-06-14,s08,complete,5.760,compact verification benchmark
2026-06-14,s09,complete,8.950,four-destination diversity benchmark
2026-06-14,s10,complete,3.150,mixed-signal probe
2026-06-15,s11,complete,23.750,adaptive coverage expansion
2026-06-15,s12,complete,,expanded coverage benchmark completed; public score not reported
2026-06-15,s13,complete,15.840,verification-bank benchmark
2026-06-15,s14,complete,,four-destination diversity benchmark completed; public score not reported
2026-06-15,s15,complete,20.370,conservative adaptive benchmark
2026-06-16,s16,complete,25.460,adaptive coverage expansion
2026-06-16,s17,complete,24.060,adaptive stability benchmark
2026-06-16,s18,complete,22.780,multi-message adaptive benchmark
2026-06-16,s19,complete,,endpoint-priority adaptive benchmark completed; public score not reported
2026-06-16,s20,complete,27.900,upper-scale adaptive benchmark
2026-06-17,s21,complete,29.430,adaptive coverage scale-up
2026-06-17,s22,complete,31.160,adaptive coverage scale-up
2026-06-17,s23,complete,32.710,adaptive coverage scale-up
2026-06-17,s24,complete,,adaptive coverage boundary probe completed; public score not reported
2026-06-17,s25,complete,,high-risk adaptive boundary probe completed; public score not reported
2026-06-18,s26,complete,32.460,adaptive boundary probe completed
2026-06-18,s27,complete,,adaptive boundary probe completed; public score not reported
2026-06-18,s28,complete,,adaptive boundary probe completed; public score not reported
2026-06-18,s29,complete,33.560,adaptive boundary probe completed
2026-06-18,s30,complete,33.940,adaptive boundary probe completed
2026-06-19,s31,complete,36.000,short static direct benchmark completed
2026-06-19,s32,complete,40.500,short static direct benchmark completed
2026-06-19,s33,complete,45.000,short static direct benchmark completed
2026-06-19,s34,complete,,short static direct benchmark completed; public score not reported
2026-06-19,s35,complete,,short static direct benchmark completed; public score not reported
2026-06-20,s36,complete,45.900,short static direct boundary probe completed
2026-06-20,s37,complete,47.250,short static direct boundary probe completed
2026-06-20,s38,complete,49.500,compact static direct boundary probe completed
2026-06-20,s39,complete,,compact static direct boundary probe completed; public score not reported
2026-06-20,s40,complete,54.000,compact static direct boundary probe completed
2026-06-21,s41,complete,,compact static direct boundary probe completed; public score not reported
2026-06-21,s42,complete,,compact static direct boundary probe completed; public score not reported
2026-06-21,s43,complete,,compact static direct boundary probe completed; public score not reported
2026-06-21,s44,complete,,compact static direct boundary probe completed; public score not reported
2026-06-21,s45,complete,,compact static direct boundary probe completed; public score not reported
2026-06-22,s46,complete,57.240,short-root static direct boundary probe completed
2026-06-22,s47,complete,57.600,short-root static direct boundary probe completed
2026-06-22,s48,complete,57.690,short-root static direct boundary probe completed
2026-06-22,s49,complete,57.780,short-root static direct boundary probe completed
2026-06-22,s50,complete,57.960,short-root static direct boundary probe completed
2026-06-23,s51,error,,ultra-short static direct boundary probe returned evaluation error
2026-06-23,s52,error,,ultra-short static direct boundary probe returned evaluation error
2026-06-23,s53,error,,ultra-short static direct boundary probe returned evaluation error
2026-06-23,s54,error,,ultra-short static direct boundary probe returned evaluation error
2026-06-23,s55,error,,ultra-short static direct boundary probe returned evaluation error
2026-06-24,s56,complete,,short-root static direct boundary probe completed; public score not reported
2026-06-24,s57,complete,,short-root static direct boundary probe completed; public score not reported
2026-06-24,s58,complete,,short-root static direct boundary probe completed; public score not reported
2026-06-24,s59,complete,,two-letter domain static direct boundary probe completed; public score not reported
2026-06-24,s60,complete,,two-letter domain static direct boundary probe completed; public score not reported
2026-06-29,s61,complete,,short external-marker static direct probe completed; public score not reported
2026-06-29,s62,complete,,short external-marker static direct probe completed; public score not reported
2026-06-29,s63,complete,,short external-marker static direct probe completed; public score not reported
2026-06-29,s64,complete,,short external-marker static direct probe completed; public score not reported
2026-06-29,s65,complete,,short external-marker static direct probe completed; public score not reported
2026-06-30,s66,complete,22.500,lower-count marker anchor completed
2026-06-30,s67,complete,27.000,lower-count marker anchor completed
2026-06-30,s68,complete,32.400,lower-count marker anchor completed
2026-06-30,s69,complete,37.800,lower-count marker anchor completed
2026-06-30,s70,complete,43.200,lower-count marker anchor completed
2026-06-30,s71,complete,,marker anchor continuation completed; public score not reported
2026-06-30,s72,complete,,marker anchor continuation completed; public score not reported
2026-06-30,s73,complete,,marker anchor continuation completed; public score not reported
2026-06-30,s74,complete,,marker anchor continuation completed; public score not reported
2026-06-30,s75,complete,,marker anchor continuation completed; public score not reported
2026-07-01,s76,complete,,marker boundary probe completed; public score not reported
2026-07-01,s77,complete,,marker boundary probe completed; public score not reported
2026-07-01,s78,complete,,marker boundary probe completed; public score not reported
2026-07-01,s79,complete,,marker boundary probe completed; public score not reported
2026-07-01,s80,complete,,short-root static direct control completed; public score not reported
2026-07-02,s81,complete,27.000,current marker sanity check completed
2026-07-02,s82,complete,,marker boundary probe completed; public score not reported
2026-07-02,s83,complete,,short-root token check completed; public score not reported
2026-07-02,s84,complete,,legacy direct boundary check completed; public score not reported
2026-07-02,s85,complete,,phrase mix check completed; public score not reported
2026-07-03,s86,complete,27.000,marker repeat sanity check completed
2026-07-03,s87,complete,30.600,marker low-count step completed
2026-07-03,s88,complete,34.200,marker mid-count step completed
2026-07-03,s89,complete,36.000,marker upper-mid count step completed
2026-07-03,s90,complete,37.800,marker historical-count retest completed
2026-07-04,s91,complete,39.600,marker boundary step completed
2026-07-04,s92,complete,41.040,marker boundary midpoint completed
2026-07-04,s93,complete,42.120,marker upper-boundary probe completed
2026-07-04,s94,complete,42.840,marker near-boundary probe completed
2026-07-04,s95,complete,43.200,marker historical-frontier retest completed
2026-07-05,s96,complete,,marker frontier control completed; public score not reported
2026-07-05,s97,complete,,marker first-above-frontier probe completed; public score not reported
2026-07-05,s98,complete,,marker gap midpoint probe completed; public score not reported
2026-07-05,s99,complete,,marker highest-below-gap probe completed; public score not reported
2026-07-05,s100,complete,43.200,marker frontier control repeat completed
2026-07-06,s101,complete,57.700,deadline-aware short-url fill completed
2026-07-06,s102,complete,56.845,deadline-aware short-url fill with wider guard completed
2026-07-06,s103,complete,56.440,deadline-aware short-url fill with tighter guard completed
2026-07-06,s104,complete,49.095,deadline-aware bare short-url fill completed
2026-07-06,s105,complete,55.395,deadline-aware direct short-url fill completed
2026-07-08,s106,complete,52.595,deadline-aware short-url control repeat completed
2026-07-08,s107,complete,,deadline-aware short-url fill with tail completed; public score not reported
2026-07-08,s108,complete,,deadline-aware wider-guard tail fill completed; public score not reported
2026-07-08,s109,complete,,deadline-aware wider-guard smaller-tail fill completed; public score not reported
2026-07-08,s110,complete,53.625,deadline-aware wider-guard minimal-tail fill completed
2026-07-09,s111,complete,55.065,deadline-aware short-url control retest completed
2026-07-09,s112,complete,54.615,deadline-aware wider-guard no-tail retest completed
2026-07-09,s113,complete,59.810,short-host validation fill with conservative guard completed
2026-07-09,s114,complete,60.745,short-host validation fill with tighter guard completed
2026-07-09,s115,complete,4.675,two-post short-host validation fill completed
2026-07-10,s116,complete,57.980,short-host validation fill aligned to public margin-47 baseline completed
2026-07-10,s117,complete,60.590,short-host validation fill with margin-46 control completed
2026-07-10,s118,complete,59.645,short-host validation fill with modestly wider budget fraction completed
2026-07-10,s119,complete,48.690,adaptive single-request validation fill aligned to public baseline completed
2026-07-10,s120,complete,50.670,adaptive single-request validation fill with tighter margin completed
2026-07-11,s121,complete,59.595,exact margin-46 short-host validation-fill repeat completed
2026-07-11,s122,complete,60.295,short-host validation fill with margin-45 control completed
2026-07-11,s123,complete,62.720,short-host validation fill with wider budget fraction completed
2026-07-11,s124,complete,59.890,public margin-49 short-host validation-fill baseline completed
2026-07-11,s125,complete,20.925,public portfolio validation-fill baseline completed
2026-07-12,s126,pending,,repeat of the leading short-host validation-fill configuration accepted; public score pending
2026-07-12,s127,pending,,short-host validation fill with a one-second tighter margin accepted; public score pending
2026-07-12,s128,pending,,short-host validation fill with a modestly wider budget fraction accepted; public score pending
2026-07-12,s129,pending,,short-host validation fill with a tighter safety margin accepted; public score pending
2026-07-12,s130,pending,,short-host validation fill with a wider budget fraction accepted; public score pending
